k,metric,mean_null,mean_cluster,delta,ci_lo,ci_hi,perm_p,cohen_d,median_mutual_count,median_d_avg
3,mean_d_avg,0.077375,0.010982,0.066393,0.066123,0.066644,0.000200,31.98,2,0.008298
3,mutual_fraction,0.746067,0.669973,0.076093,0.072665,0.079520,0.000200,2.77,2,0.008298
10,mean_d_avg,0.135943,0.018117,0.117826,0.117603,0.118064,0.000020,44.50,7,0.014080
10,mutual_fraction,0.821930,0.713920,0.108010,0.105976,0.110078,0.000020,4.71,7,0.014080
