k,delta_obs,delta_perm_mean
1,0.0,-9.624711172951762e-06
2,0.13818930999634485,
